{"cameraMode":{"drawMode":0,"name":"Shaded","section":"Shading Mode"},"sceneLighting":false,"audioPlay":false,"sceneViewState":{"m_AlwaysRefresh":false,"showFog":true,"showSkybox":false,"showFlares":true,"showImageEffects":true,"showParticleSystems":true,"showVisualEffectGraphs":true,"m_FxEnabled":true},"in2DMode":false,"pivot":{"x":-0.36593279242515566,"y":-0.6569152474403381,"z":0.40921327471733096},"rotation":{"x":-0.025241533294320108,"y":-0.9151281714439392,"z":0.05801400914788246,"w":-0.3981713652610779},"size":1.0528655052185059,"orthographic":false}