{"cameraMode":{"drawMode":0,"name":"Shaded","section":"Shading Mode"},"sceneLighting":false,"audioPlay":false,"sceneViewState":{"m_AlwaysRefresh":false,"showFog":true,"showSkybox":false,"showFlares":true,"showImageEffects":true,"showParticleSystems":true,"showVisualEffectGraphs":true,"m_FxEnabled":true},"in2DMode":false,"pivot":{"x":-0.1078919917345047,"y":2.5064971446990969,"z":0.08941918611526489},"rotation":{"x":-0.164652481675148,"y":0.33214709162712099,"z":-0.059005193412303928,"w":-0.9268712997436523},"size":1.4094256162643433,"orthographic":false}