{"cameraMode":{"drawMode":0,"name":"Shaded","section":"Shading Mode"},"sceneLighting":true,"audioPlay":false,"sceneViewState":{"m_AlwaysRefresh":false,"showFog":true,"showSkybox":true,"showFlares":true,"showImageEffects":true,"showParticleSystems":true,"showVisualEffectGraphs":true,"m_FxEnabled":true},"in2DMode":false,"pivot":{"x":0.049076080322265628,"y":-7.910533905029297,"z":-6.698580741882324},"rotation":{"x":-0.0377734899520874,"y":0.03806076943874359,"z":-0.0014390345895662904,"w":-0.9985639452934265},"size":55.3223876953125,"orthographic":false}