{"cameraMode":{"drawMode":0,"name":"Shaded","section":"Shading Mode"},"sceneLighting":true,"audioPlay":false,"sceneViewState":{"m_AlwaysRefresh":false,"showFog":true,"showSkybox":true,"showFlares":true,"showImageEffects":true,"showParticleSystems":true,"showVisualEffectGraphs":true,"m_FxEnabled":true},"in2DMode":false,"pivot":{"x":-0.4926135540008545,"y":0.988014817237854,"z":-0.02943163737654686},"rotation":{"x":-0.14982056617736817,"y":0.3482820391654968,"z":-0.05649451166391373,"w":-0.9236174821853638},"size":2.7987873554229738,"orthographic":false}