{"cameraMode":{"drawMode":0,"name":"Shaded","section":"Shading Mode"},"sceneLighting":false,"audioPlay":false,"sceneViewState":{"m_AlwaysRefresh":false,"showFog":true,"showSkybox":false,"showFlares":true,"showImageEffects":true,"showParticleSystems":true,"showVisualEffectGraphs":true,"m_FxEnabled":true},"in2DMode":false,"pivot":{"x":-0.05598890781402588,"y":1.0869816541671754,"z":0.05919009447097778},"rotation":{"x":-0.06402082741260529,"y":0.6473257541656494,"z":-0.054705485701560977,"w":-0.7575541138648987},"size":1.8779993057250977,"orthographic":false}