{"cameraMode":{"drawMode":0,"name":"Shaded","section":"Shading Mode"},"sceneLighting":false,"audioPlay":false,"sceneViewState":{"m_AlwaysRefresh":false,"showFog":true,"showSkybox":false,"showFlares":true,"showImageEffects":true,"showParticleSystems":true,"showVisualEffectGraphs":true,"m_FxEnabled":true},"in2DMode":false,"pivot":{"x":1.8511908054351807,"y":0.0904916524887085,"z":-0.14190149307250977},"rotation":{"x":0.025801191106438638,"y":0.021301865577697755,"z":-0.0005478817038238049,"w":0.9994457960128784},"size":3.7829487323760988,"orthographic":false}